Workbook

Sheet Tracker_23-44
A1: MRC IVL 2025 Autumn Video Download & Gameplay Cut Tracker — Tolga IDs 23–44
A2: ID | B2: Date | C2: Teams | D2: Home Team | E2: Away Team | F2: Match No. | G2: Hunter Side | H2: Hunter Team | I2: Hunter Player | J2: Map | K2: Hunter Pick | L2: Hunter Trait | M2: Survivors | N2: Result | O2: Official Match Time | P2: Source Page | Q2: Video URL | R2: Raw Video Filename | S2: Gameplay Start | T2: Gameplay End | U2: Pause Start | V2: Pause End | W2: Pause Duration | X2: Duration | Y2: Heart Rate Start | Z2: Clip Filename | AA2: Heartbeat Visible | AB2: Download Status | AC2: Cut Status | AD2: Checked? | AE2: Notes
A3: 23 | B3: 45940 | C3: GR vs MRC | D3: GR | E3: MRC | F3: Extra | G3: Home | H3: GR | I3: jin | J3: Red Church | K3: Grocer | L3: Teleportation | M3: xiaox (Savage); huac (Seer); nanako (Voodooist); xiaod (Little Girl) | N3: Draw | O3: 6:51 | P3: https://ivl.163.com/video/2025autumn/sslx/ | Q3: https://www.bilibili.com/video/BV1BB47zeEno?spm_id_from=333.788.videopod.episodes&vd_source=1b56a7f7c876c97b02d8ab3ec694682f&p=4 | S3: 0.0087615741 | T3: 0.013425926 | W3: =IF(OR(U3="",V3=""),0,V3-U3) -> 0 | X3: =IF(OR(S3="",T3=""),"",T3-S3) -> 0.0046643519 | Y3: 0.00042824074 | Z3: =TEXT(A3,"000")&".mp4" -> 023.mp4 | AA3: Yes | AB3: Done | AC3: Done | AD3: Yes
A4: 24 | B4: 45940 | C4: GR vs MRC | D4: GR | E4: MRC | F4: Extra | G4: Away | H4: MRC | I4: bailu | J4: Red Church | K4: Recorder | L4: Blink | M4: ac (Postman); heart (Escape Artist); red (Mechanic); ak (Air Force) | N4: Draw | O4: 9:23 | P4: https://ivl.163.com/video/2025autumn/sslx/ | Q4: https://www.bilibili.com/video/BV1BB47zeEno?spm_id_from=333.788.videopod.episodes&vd_source=1b56a7f7c876c97b02d8ab3ec694682f&p=4 | S4: 0.020590278 | T4: 0.027025463 | W4: =IF(OR(U4="",V4=""),0,V4-U4) -> 0 | X4: =IF(OR(S4="",T4=""),"",T4-S4) -> 0.0064351852 | Y4: 0.00048611111 | Z4: =TEXT(A4,"000")&".mp4" -> 024.mp4 | AA4: Yes | AB4: Done | AC4: Done | AD4: Yes
A5: 25 | B5: 45941 | C5: MRC vs FPX.ZQ | D5: MRC | E5: FPX.ZQ | F5: 1 | G5: Away | H5: FPX.ZQ | I5: dongx | J5: Leo's Memory | K5: Opera Singer | L5: Blink | M5: xiaox (First Mate); huac (Puppeteer); nanako (Knight); xiaod (Mechanic) | N5: Survivors | O5: 5:22 | P5: https://ivl.163.com/video/2025autumn/sslx/ | Q5: https://www.bilibili.com/video/BV1og4czUE2K/?spm_id_from=333.999.0.0&vd_source=1b56a7f7c876c97b02d8ab3ec694682f | S5: 0.011284722 | T5: 0.015 | W5: =IF(OR(U5="",V5=""),0,V5-U5) -> 0 | X5: =IF(OR(S5="",T5=""),"",T5-S5) -> 0.0037152778 | Y5: 0.00048611111 | Z5: =TEXT(A5,"000")&".mp4" -> 025.mp4 | AA5: Yes | AB5: Done | AC5: Done | AD5: Yes
A6: 26 | B6: 45941 | C6: MRC vs FPX.ZQ | D6: MRC | E6: FPX.ZQ | F6: 1 | G6: Home | H6: MRC | I6: bailu | J6: Leo's Memory | K6: Opera Singer | L6: Blink | M6: stian (Voodooist); yuan (Puppeteer); lin (Lucky Guy); yihua (First Mate) | N6: Hunter | O6: 6:51 | P6: https://ivl.163.com/video/2025autumn/sslx/ | Q6: https://www.bilibili.com/video/BV1og4czUE2K/?spm_id_from=333.999.0.0&vd_source=1b56a7f7c876c97b02d8ab3ec694682f | S6: 0.021805556 | T6: 0.026574074 | W6: =IF(OR(U6="",V6=""),0,V6-U6) -> 0 | X6: =IF(OR(S6="",T6=""),"",T6-S6) -> 0.0047685185 | Y6: 0.0010069444 | Z6: =TEXT(A6,"000")&".mp4" -> 026.mp4 | AA6: Yes | AB6: Done | AC6: Done | AD6: Yes
A7: 27 | B7: 45941 | C7: MRC vs FPX.ZQ | D7: MRC | E7: FPX.ZQ | F7: 2 | G7: Home | H7: MRC | I7: bailu | J7: Arms Factory | K7: Lame Sheep | L7: Excitement | M7: stian (Gardener); yuan (Magician); lin (Forward); yihua (Explorer) | N7: Hunter | O7: 6:18 | P7: https://ivl.163.com/video/2025autumn/sslx/ | Q7: https://www.bilibili.com/video/BV1og4czUE2K?spm_id_from=333.788.videopod.episodes&vd_source=1b56a7f7c876c97b02d8ab3ec694682f&p=2 | S7: 0.0068055556 | T7: 0.011168981 | W7: =IF(OR(U7="",V7=""),0,V7-U7) -> 0 | X7: =IF(OR(S7="",T7=""),"",T7-S7) -> 0.0043634259 | Y7: 0.00083333333 | Z7: =TEXT(A7,"000")&".mp4" -> 027.mp4 | AA7: Yes | AB7: Done | AC7: Done | AD7: Yes
A8: 28 | B8: 45941 | C8: MRC vs FPX.ZQ | D8: MRC | E8: FPX.ZQ | F8: 2 | G8: Away | H8: FPX.ZQ | I8: dongx | J8: Arms Factory | K8: Shadow of Time | L8: Blink | M8: xiaox (Mercenary); huac (Lucky Guy); nanako (Prospector); xiaod (Meteorologist) | N8: Survivors | O8: 8:34 | P8: https://ivl.163.com/video/2025autumn/sslx/ | Q8: https://www.bilibili.com/video/BV1og4czUE2K?spm_id_from=333.788.videopod.episodes&vd_source=1b56a7f7c876c97b02d8ab3ec694682f&p=2 | S8: 0.019085648 | T8: 0.025694444 | U8: 0.023923611 | V8: 0.024571759 | W8: =IF(OR(U8="",V8=""),0,V8-U8) -> 0.00064814815 | X8: =IF(OR(S8="",T8=""),"",(T8-S8)-W8) -> 0.0059606481 | Y8: 0.00055555556 | Z8: =TEXT(A8,"000")&".mp4" -> 028.mp4 | AA8: Yes | AB8: Done | AC8: Done | AD8: Yes | AE8: 34:27 - 35:23 Pause
A9: 29 | B9: 45947 | C9: MRC vs ACT | D9: MRC | E9: ACT | F9: 1 | G9: Away | H9: ACT | I9: zz9 | J9: Yongmin Town | K9: Shadow of Time | L9: Blink | M9: xiaox (Gravedigger); huac (Puppeteer); nanako (Knight); xiaod (Professor) | N9: Hunter | O9: 5:49 | P9: https://ivl.163.com/video/2025autumn/sslx/ | Q9: https://www.bilibili.com/video/BV1zVWEzfEjM/?spm_id_from=333.999.0.0&vd_source=1b56a7f7c876c97b02d8ab3ec694682f | S9: 0.011597222 | T9: 0.015590278 | W9: =IF(OR(U9="",V9=""),0,V9-U9) -> 0 | X9: =IF(OR(S9="",T9=""),"",T9-S9) -> 0.0039930556 | Y9: 0.00045138889 | Z9: =TEXT(A9,"000")&".mp4" -> 029.mp4 | AA9: Yes | AB9: Done | AC9: Done | AD9: Yes
A10: 30 | B10: 45947 | C10: MRC vs ACT | D10: MRC | E10: ACT | F10: 1 | G10: Home | H10: MRC | I10: bailu | J10: Yongmin Town | K10: Lame Sheep | L10: Abnormality | M10: eleven (Escape Artist); gougou (Professor); xy (Puppeteer); xmiao5 (Meteorologist) | N10: Hunter | O10: 7:01 | P10: https://ivl.163.com/video/2025autumn/sslx/ | Q10: https://www.bilibili.com/video/BV1zVWEzfEjM/?spm_id_from=333.999.0.0&vd_source=1b56a7f7c876c97b02d8ab3ec694682f | S10: 0.022349537 | T10: 0.0271875 | W10: =IF(OR(U10="",V10=""),0,V10-U10) -> 0 | X10: =IF(OR(S10="",T10=""),"",T10-S10) -> 0.004837963 | Y10: 0.00050925926 | Z10: =TEXT(A10,"000")&".mp4" -> 030.mp4 | AA10: Yes | AB10: Done | AC10: Done | AD10: Yes
A11: 31 | B11: 45947 | C11: MRC vs ACT | D11: MRC | E11: ACT | F11: 2 | G11: Away | H11: ACT | I11: zz9 | J11: Moon River Park | K11: Opera Singer | L11: Blink | M11: xiaox (Mercenary); huac (Patient); nanako (Fire Investigator); xiaod (Meteorologist) | N11: Draw | O11: 5:06 | P11: https://ivl.163.com/video/2025autumn/sslx/ | Q11: https://www.bilibili.com/video/BV1zVWEzfEjM?spm_id_from=333.788.videopod.episodes&vd_source=1b56a7f7c876c97b02d8ab3ec694682f&p=2 | S11: 0.0070023148 | T11: 0.010532407 | W11: =IF(OR(U11="",V11=""),0,V11-U11) -> 0 | X11: =IF(OR(S11="",T11=""),"",T11-S11) -> 0.0035300926 | Y11: 0.00052083333 | Z11: =TEXT(A11,"000")&".mp4" -> 031.mp4 | AA11: Yes | AB11: Done | AC11: Done | AD11: Yes
A12: 32 | B12: 45947 | C12: MRC vs ACT | D12: MRC | E12: ACT | F12: 2 | G12: Home | H12: MRC | I12: bailu | J12: Moon River Park | K12: Havoc | L12: Teleportation | M12: eleven (First Mate); gougou (Fire Investigator); xy (Antiques Dealer); xmiao5 (Aviator) | N12: Draw | O12: 6:38 | P12: https://ivl.163.com/video/2025autumn/sslx/ | Q12: https://www.bilibili.com/video/BV1zVWEzfEjM?spm_id_from=333.788.videopod.episodes&vd_source=1b56a7f7c876c97b02d8ab3ec694682f&p=2 | S12: 0.016643519 | T12: 0.021238426 | W12: =IF(OR(U12="",V12=""),0,V12-U12) -> 0 | X12: =IF(OR(S12="",T12=""),"",T12-S12) -> 0.0045949074 | Y12: 0.00070601852 | Z12: =TEXT(A12,"000")&".mp4" -> 032.mp4 | AA12: Yes | AB12: Done | AC12: Done | AD12: Yes
A13: 33 | B13: 45947 | C13: MRC vs ACT | D13: MRC | E13: ACT | F13: 3 | G13: Home | H13: MRC | I13: bailu | J13: Red Church | K13: Guard 26 | L13: Teleportation | M13: eleven (Gravedigger); gougou (Seer); xy (Lucky Guy); xmiao5 (Patient) | N13: Hunter | O13: 6:40 | P13: https://ivl.163.com/video/2025autumn/sslx/ | Q13: https://www.bilibili.com/video/BV1zVWEzfEjM?spm_id_from=333.788.videopod.episodes&vd_source=1b56a7f7c876c97b02d8ab3ec694682f&p=3 | S13: 0.0065625 | T13: 0.011122685 | W13: =IF(OR(U13="",V13=""),0,V13-U13) -> 0 | X13: =IF(OR(S13="",T13=""),"",T13-S13) -> 0.0045601852 | Y13: 0.00047453704 | Z13: =TEXT(A13,"000")&".mp4" -> 033.mp4 | AA13: Yes | AB13: Done | AC13: Done | AD13: Yes
A14: 34 | B14: 45947 | C14: MRC vs ACT | D14: MRC | E14: ACT | F14: 3 | G14: Away | H14: ACT | I14: zz9 | J14: Red Church | K14: Grocer | L14: Teleportation | M14: xiaox (Savage); huac (Acrobat); nanako (Novelist); xiaod (Embalmer) | N14: Draw | O14: 7:22 | P14: https://ivl.163.com/video/2025autumn/sslx/ | Q14: https://www.bilibili.com/video/BV1zVWEzfEjM?spm_id_from=333.788.videopod.episodes&vd_source=1b56a7f7c876c97b02d8ab3ec694682f&p=3 | S14: 0.018796296 | T14: 0.023865741 | W14: =IF(OR(U14="",V14=""),0,V14-U14) -> 0 | X14: =IF(OR(S14="",T14=""),"",T14-S14) -> 0.0050694444 | Y14: 0.00075231481 | Z14: =TEXT(A14,"000")&".mp4" -> 034.mp4 | AA14: Yes | AB14: Done | AC14: Done | AD14: Yes
A15: 35 | B15: 45949 | C15: MRC vs WBG | D15: MRC | E15: WBG | F15: 1 | G15: Away | H15: WBG | I15: n1e | J15: Lakeside Village | K15: Havoc | L15: Teleportation | M15: xiaox (Gravedigger); huac (Puppeteer); nanako (Knight); xiaod (Lucky Guy) | N15: Survivors | O15: 7:11 | P15: https://ivl.163.com/video/2025autumn/sslx/ | Q15: https://www.bilibili.com/video/BV1UeswzNESd/?spm_id_from=333.999.0.0&vd_source=1b56a7f7c876c97b02d8ab3ec694682f | S15: 0.010810185 | T15: 0.015752315 | W15: =IF(OR(U15="",V15=""),0,V15-U15) -> 0 | X15: =IF(OR(S15="",T15=""),"",T15-S15) -> 0.0049421296 | Y15: 0.00050925926 | Z15: =TEXT(A15,"000")&".mp4" -> 035.mp4 | AA15: Yes | AB15: Done | AC15: Done | AD15: Yes
A16: 36 | B16: 45949 | C16: MRC vs WBG | D16: MRC | E16: WBG | F16: 1 | G16: Home | H16: MRC | I16: bailu | J16: Lakeside Village | K16: Havoc | L16: Teleportation | M16: koting (Magician); guoker (Puppeteer); huiyi (Gravedigger); persica (Meteorologist) | N16: Draw | O16: 5:03 | P16: https://ivl.163.com/video/2025autumn/sslx/ | Q16: https://www.bilibili.com/video/BV1UeswzNESd/?spm_id_from=333.999.0.0&vd_source=1b56a7f7c876c97b02d8ab3ec694682f | S16: 0.023935185 | T16: 0.027326389 | W16: =IF(OR(U16="",V16=""),0,V16-U16) -> 0 | X16: =IF(OR(S16="",T16=""),"",T16-S16) -> 0.0033912037 | Y16: 0.00072916667 | Z16: =TEXT(A16,"000")&".mp4" -> 036.mp4 | AA16: Yes | AB16: Done | AC16: Done | AD16: Yes
A17: 37 | B17: 45949 | C17: MRC vs WBG | D17: MRC | E17: WBG | F17: 2 | G17: Home | H17: MRC | I17: bailu | J17: Red Church | K17: Opera Singer | L17: Blink | M17: koting (Cheerleader); guoker (Fire Investigator); huiyi (Mercenary); persica (Lucky Guy) | N17: Hunter | O17: 6:12 | P17: https://ivl.163.com/video/2025autumn/sslx/ | Q17: https://www.bilibili.com/video/BV1UeswzNESd?spm_id_from=333.788.videopod.episodes&vd_source=1b56a7f7c876c97b02d8ab3ec694682f&p=2 | S17: 0.0091435185 | T17: 0.013425926 | W17: =IF(OR(U17="",V17=""),0,V17-U17) -> 0 | X17: =IF(OR(S17="",T17=""),"",T17-S17) -> 0.0042824074 | Y17: 0.0005787037 | Z17: =TEXT(A17,"000")&".mp4" -> 037.mp4 | AA17: Yes | AB17: Done | AC17: Done | AD17: Yes
A18: 38 | B18: 45949 | C18: MRC vs WBG | D18: MRC | E18: WBG | F18: 2 | G18: Away | H18: WBG | I18: n1e | J18: Red Church | K18: Opera Singer | L18: Abnormality | M18: xiaox (First Mate); huac (Patient); nanako (Acrobat); xiaod (Embalmer) | N18: Draw | O18: 8:46 | P18: https://ivl.163.com/video/2025autumn/sslx/ | Q18: https://www.bilibili.com/video/BV1UeswzNESd?spm_id_from=333.788.videopod.episodes&vd_source=1b56a7f7c876c97b02d8ab3ec694682f&p=2 | S18: 0.020509259 | T18: 0.026527778 | W18: =IF(OR(U18="",V18=""),0,V18-U18) -> 0 | X18: =IF(OR(S18="",T18=""),"",T18-S18) -> 0.0060185185 | Y18: 0.00045138889 | Z18: =TEXT(A18,"000")&".mp4" -> 038.mp4 | AA18: Yes | AB18: Done | AC18: Done | AD18: Yes
A19: 39 | B19: 45955 | C19: TE vs MRC | D19: TE | E19: MRC | F19: 1 | G19: Away | H19: MRC | I19: bailu | J19: Eternal Forest | K19: Havoc | L19: Teleportation | M19: drop (Lucky Guy); maom (Voodooist); libao (Gravedigger); lconfid (Puppeteer) | N19: Hunter | O19: 6:46 | P19: https://ivl.163.com/video/2025autumn/sslx/ | Q19: https://www.bilibili.com/video/BV1KqsozQEVr/?spm_id_from=333.999.0.0&vd_source=1b56a7f7c876c97b02d8ab3ec694682f | S19: 0.010127315 | T19: 0.014733796 | W19: =IF(OR(U19="",V19=""),0,V19-U19) -> 0 | X19: =IF(OR(S19="",T19=""),"",T19-S19) -> 0.0046064815 | Y19: 0.00048611111 | Z19: =TEXT(A19,"000")&".mp4" -> 039.mp4 | AA19: Yes | AB19: Done | AC19: Done | AD19: Yes
A20: 40 | B20: 45955 | C20: TE vs MRC | D20: TE | E20: MRC | F20: 1 | G20: Home | H20: TE | I20: ppei | J20: Eternal Forest | K20: Lame Sheep | L20: Seer | M20: xiaox (Gravedigger); huac (Puppeteer); nanako (Knight); xiaod (Explorer) | N20: Hunter | O20: 9:18 | P20: https://ivl.163.com/video/2025autumn/sslx/ | Q20: https://www.bilibili.com/video/BV1KqsozQEVr/?spm_id_from=333.999.0.0&vd_source=1b56a7f7c876c97b02d8ab3ec694682f | S20: 0.022094907 | T20: 0.028541667 | W20: =IF(OR(U20="",V20=""),0,V20-U20) -> 0 | X20: =IF(OR(S20="",T20=""),"",T20-S20) -> 0.0064467593 | Y20: 0.00045138889 | Z20: =TEXT(A20,"000")&".mp4" -> 040.mp4 | AA20: Yes | AB20: Done | AC20: Done | AD20: Yes
... A24: 44 | B24: 45956 | C24: MRC vs GW | D24: MRC | E24: GW | F24: 1 | G24: Home | H24: MRC | I24: bailu | J24: Leo's Memory | K24: Opera Singer | L24: Blink | M24: lancelot (Magician); leil (Meteorologist); lion (First Mate); unicorn (Puppeteer) | N24: Hunter | O24: 5:55 | P24: https://ivl.163.com/video/2025autumn/sslx/ | Q24: https://www.bilibili.com/video/BV1jSxPzdEZE/?spm_id_from=333.999.0.0&vd_source=1b56a7f7c876c97b02d8ab3ec694682f | S24: 0.019178241 | T24: 0.023229167 | W24: =IF(OR(U24="",V24=""),0,V24-U24) -> 0 | X24: =IF(OR(S24="",T24=""),"",T24-S24) -> 0.0040509259 | Y24: 0.00049768519 | Z24: =TEXT(A24,"000")&".mp4" -> 044.mp4 | AA24: Yes | AB24: Done | AC24: Done | AD24: Yes

Sheet Summary
A1: Tolga clip assignment summary
A3: Assigned ID range | B3: 23–44 | D3: Download Status | E3: Count | G3: Cut Status | H3: Count
A4: Total clips | B4: =COUNTA('Tracker_23-44'!A3:A24) -> 22 | D4: Not Started | E4: =COUNTIF('Tracker_23-44'!AB3:AB24,"Not Started") -> 0 | G4: Not Started | H4: =COUNTIF('Tracker_23-44'!AC3:AC24,"Not Started") -> 0
A5: Source list | B5: mrc_EN.xlsx | D5: In Progress | E5: =COUNTIF('Tracker_23-44'!AB3:AB24,"In Progress") -> 0 | G5: In Progress | H5: =COUNTIF('Tracker_23-44'!AC3:AC24,"In Progress") -> 0
A6: Source page | B6: https://ivl.163.com/video/2025autumn/sslx/ | D6: Done | E6: =COUNTIF('Tracker_23-44'!AB3:AB24,"Done") -> 22 | G6: Done | H6: =COUNTIF('Tracker_23-44'!AC3:AC24,"Done") -> 22
A7: Expected output folder | B7: clips_gameplay/ | D7: Problem | E7: =COUNTIF('Tracker_23-44'!AB3:AB24,"Problem") -> 0 | G7: Problem | H7: =COUNTIF('Tracker_23-44'!AC3:AC24,"Problem") -> 0
A8: Expected filenames | B8: 023.mp4 … 044.mp4
D10: Heartbeat Visible | E10: Count
D11: Unknown | E11: =COUNTIF('Tracker_23-44'!AA3:AA24,"Unknown") -> 0
D12: Yes | E12: =COUNTIF('Tracker_23-44'!AA3:AA24,"Yes") -> 22
D13: No | E13: =COUNTIF('Tracker_23-44'!AA3:AA24,"No") -> 0
D14: Partial | E14: =COUNTIF('Tracker_23-44'!AA3:AA24,"Partial") -> 0

Sheet Guide
A1: Step | B1: What to do
A2: 1 | B2: Use the Tracker_23-44 sheet. Each row is one gameplay clip you need to produce.
A3: 2 | B3: Find the matching IVL video using Date + Home Team + Away Team. MRC logo left = Home, right = Away/Guest.
A4: 3 | B4: Download the full video in 1080p first. Do not include ban/pick, breaks, intro, replay, or post-game analysis in final clips.
A5: 4 | B5: Enter the full video URL in Video URL and the downloaded file name in Raw Video Filename.
A6: 5 | B6: Watch the video and enter actual gameplay start/end timestamps in Gameplay Start and Gameplay End.
A7: 6 | B7: Cut clips with ffmpeg and save exactly as the Clip Filename column says, e.g. 023.mp4.
A8: 7 | B8: Check whether heartbeat data is visible and set Heartbeat Visible to Yes / No / Partial.
A9: 8 | B9: Update Download Status, Cut Status, Checked?, and Notes while working.
A10: ffmpeg example | B10: ffmpeg -i raw_videos/full_video.mp4 -ss 00:12:40 -to 00:22:15 -c:v libx264 -c:a aac clips_gameplay/023.mp4

Sheet Lists
A1: Heartbeat Visible | B1: Download Status | C1: Cut Status | D1: Checked?
A2: Unknown | B2: Not Started | C2: Not Started | D2: No
A3: Yes | B3: In Progress | C3: In Progress | D3: Yes
A4: No | B4: Done | C4: Done
A5: Partial | B5: Problem | C5: Problem
